Year (CE),Vance22,Porter21,Linsley08,Godkin21,Buckley19
1,-0.155214952,,,,
2,-0.042036016,,,,
3,0.115051361,,,,
4,0.230311892,,,,
5,0.306985209,,,,
6,0.318090109,,,,
7,0.22828487,,,,
8,0.034330381,,,,
9,-0.177966786,,,,
10,-0.396405267,,,,
11,-0.589040326,,,,
12,-0.754718163,,,,
13,-0.841875021,,,,
14,-0.878913822,,,,
15,-0.829012543,,,,
16,-0.759450097,,,,
17,-0.64447375,,,,
18,-0.558012445,,,,
19,-0.461950291,,,,
20,-0.322901745,,,,
21,-0.199792139,,,,
22,-0.091802444,,,,
23,-0.001089718,,,,
24,0.134617034,,,,
25,0.323669341,,,,
26,0.47319062,,,,
27,0.652656744,,,,
28,0.849304484,,,,
29,1.016793374,,,,
30,1.125502604,,,,
31,1.376869552,,,,
32,1.248455452,,,,
33,1.17214255,,,,
34,1.154809491,,,,
35,1.18202819,,,,
36,1.232031652,,,,
37,0.835201539,,,,
38,1.131558945,,,,
39,1.465668785,,,,
40,1.462894676,,,,
41,1.454738815,,,,
42,1.399670971,,,,
43,1.281676508,,,,
44,1.162558112,,,,
45,1.034055819,,,,
46,0.44387974,,,,
47,0.362313257,,,,
48,0.287288327,,,,
49,0.234922426,,,,
50,0.255727819,,,,
51,0.269340189,,,,
52,0.270587063,,,,
53,0.347377906,,,,
54,0.472405201,,,,
55,0.620099809,,,,
56,0.794133902,,,,
57,0.967617594,,,,
58,1.140195775,,,,
59,1.273703573,,,,
60,1.313238784,,,,
61,1.310277877,,,,
62,1.170869829,,,,
63,0.959802204,,,,
64,0.729073379,,,,
65,0.684755074,,,,
66,0.609948351,,,,
67,0.537969964,,,,
68,0.473903354,,,,
69,0.4363595,,,,
70,0.41551506,,,,
71,0.443579347,,,,
72,0.421804039,,,,
73,0.444819094,,,,
74,1.005176594,,,,
75,1.426216465,,,,
76,0.844133085,,,,
77,0.339342403,,,,
78,-0.069221901,,,,
79,-0.249792418,,,,
80,-0.238144721,,,,
81,-0.091354814,,,,
82,0.225224983,,,,
83,0.732412698,,,,
84,1.351859857,,,,
85,1.787457759,,,,
86,0.799220966,,,,
87,0.577592239,,,,
88,0.40495581,,,,
89,0.269090512,,,,
90,0.119264473,,,,
91,0.014166101,,,,
92,-0.049192909,,,,
93,-0.068560895,,,,
94,-0.057304924,,,,
95,-0.03961615,,,,
96,-0.01085536,,,,
97,0.061655878,,,,
98,0.112533817,,,,
99,0.191976682,,,,
100,0.243572535,,,,
101,0.301213289,,,,
102,0.297515817,,,,
103,0.296344035,,,,
104,0.200077806,,,,
105,0.136183133,,,,
106,0.032854702,,,,
107,-0.082781201,,,,
108,0.377337084,,,,
109,0.345123846,,,,
110,0.33014614,,,,
111,0.31224077,,,,
112,0.30768631,,,,
113,0.325332637,,,,
114,0.316940418,,,,
115,0.511394686,,,,
116,1.050787865,,,,
117,1.435267256,,,,
118,1.104798306,,,,
119,0.823513048,,,,
120,0.601853429,,,,
121,0.446385825,,,,
122,0.361301365,,,,
123,0.297796006,,,,
124,0.273876279,,,,
125,0.239562883,,,,
126,-0.235869279,,,,
127,-0.226507181,,,,
128,-0.200358528,,,,
129,-0.210171955,,,,
130,-0.2378061,,,,
131,-0.281552316,,,,
132,-0.281536619,,,,
133,-0.279610098,,,,
134,-0.227215124,,,,
135,-0.153567541,,,,
136,0.045500463,,,,
137,0.381532727,,,,
138,0.820170923,,,,
139,1.356258293,,,,
140,1.930956936,,,,
141,2.282707776,,,,
142,1.749681052,,,,
143,1.387861981,,,,
144,1.346751291,,,,
145,1.236047194,,,,
146,1.09862319,,,,
147,0.923359151,,,,
148,0.79864704,,,,
149,0.636833193,,,,
150,0.526934335,,,,
151,0.404900764,,,,
152,0.381512438,,,,
153,0.554233853,,,,
154,0.679906347,,,,
155,1.20128022,,,,
156,1.236196856,,,,
157,1.174668519,,,,
158,1.038084626,,,,
159,0.837830027,,,,
160,0.594426936,,,,
161,0.311147394,,,,
162,0.298237195,,,,
163,0.326290873,,,,
164,0.338264487,,,,
165,0.371836202,,,,
166,0.424687855,,,,
167,0.041853797,,,,
168,0.131159861,,,,
169,0.278426745,,,,
170,0.371968755,,,,
171,0.376809424,,,,
172,0.319995694,,,,
173,0.243406441,,,,
174,0.077566164,,,,
175,0.420935382,,,,
176,0.366820627,,,,
177,0.341489617,,,,
178,0.30436421,,,,
179,0.32039614,,,,
180,0.32809996,,,,
181,0.352305869,,,,
182,0.385329946,,,,
183,-0.036067063,,,,
184,0.044693139,,,,
185,0.136733469,,,,
186,0.205161096,,,,
187,0.247374908,,,,
188,0.234504101,,,,
189,0.226487148,,,,
190,0.209405135,,,,
191,0.133834378,,,,
192,0.084305387,,,,
193,-0.001118534,,,,
194,-0.040942477,,,,
195,-0.00483231,,,,
196,0.054819245,,,,
197,0.129709412,,,,
198,0.30229292,,,,
199,0.565862518,,,,
200,0.810413969,,,,
201,0.998401253,,,,
202,1.023144496,,,,
203,0.965347202,,,,
204,0.739378414,,,,
205,0.500785378,,,,
206,0.250685096,,,,
207,0.004761523,,,,
208,0.024065379,,,,
209,0.109873916,,,,
210,0.263046822,,,,
211,0.42782138,,,,
212,0.607645301,,,,
213,0.757051084,,,,
214,0.805674944,,,,
215,0.791148003,,,,
216,0.691608354,,,,
217,0.544387198,,,,
218,0.394666422,,,,
219,0.231857174,,,,
220,0.062757445,,,,
221,-0.020219213,,,,
222,0.17571102,,,,
223,0.366224806,,,,
224,0.348301393,,,,
225,0.347850399,,,,
226,0.337160611,,,,
227,0.335601923,,,,
228,0.339486664,,,,
229,0.315993894,,,,
230,0.289396615,,,,
231,0.280572011,,,,
232,0.462149413,,,,
233,0.948711098,,,,
234,1.293474806,,,,
235,0.97979221,,,,
236,0.714654083,,,,
237,0.536874623,,,,
238,0.45047892,,,,
239,0.416064554,,,,
240,0.448265972,,,,
241,0.588052899,,,,
242,0.787421122,,,,
243,1.020931667,,,,
244,1.328207537,,,,
245,1.284820772,,,,
246,1.188766178,,,,
247,1.050241096,,,,
248,0.927438411,,,,
249,0.851975922,,,,
250,0.76372148,,,,
251,0.681548203,,,,
252,0.59867732,,,,
253,0.610139309,,,,
254,0.61453158,,,,
255,0.637644375,,,,
256,0.640606851,,,,
257,0.662581273,,,,
258,0.624340368,,,,
259,0.611966599,,,,
260,0.575655289,,,,
261,0.501386731,,,,
262,0.468512781,,,,
263,0.47250372,,,,
264,0.473360146,,,,
265,0.510248821,,,,
266,0.555032836,,,,
267,0.562515876,,,,
268,0.554381355,,,,
269,0.5621823,,,,
270,0.480787588,,,,
271,0.867576271,,,,
272,1.470979472,,,,
273,0.914728114,,,,
274,0.387123882,,,,
275,-0.087613047,,,,
276,-0.436418117,,,,
277,-0.616532774,,,,
278,-0.764621763,,,,
279,-0.903488788,,,,
280,-0.50327707,,,,
281,-0.5538493,,,,
282,-0.573717898,,,,
283,-0.561460536,,,,
284,-0.534006622,,,,
285,-0.454806236,,,,
286,-0.377751354,,,,
287,-0.134831069,,,,
288,0.084062795,,,,
289,0.33813673,,,,
290,0.553953851,,,,
291,0.70036561,,,,
292,0.841503718,,,,
293,0.89795434,,,,
294,0.908133497,,,,
295,0.846597858,,,,
296,0.780739616,,,,
297,0.659634133,,,,
298,0.513613841,,,,
299,0.349574012,,,,
300,0.268555852,,,,
301,0.252873443,,,,
302,0.303136126,,,,
303,0.430535716,,,,
304,0.633232359,,,,
305,0.863875219,,,,
306,1.145113604,,,,
307,1.22875049,,,,
308,0.899982377,,,,
309,0.525514242,,,,
310,0.223694834,,,,
311,0.169699898,,,,
312,0.120020788,,,,
313,0.129497307,,,,
314,0.126222781,,,,
315,0.159866457,,,,
316,0.497397477,,,,
317,0.958773713,,,,
318,1.419206419,,,,
319,1.15031677,,,,
320,0.881594626,,,,
321,0.264027593,,,,
322,0.201687628,,,,
323,0.211741491,,,,
324,0.287083371,,,,
325,0.460789551,,,,
326,0.663210123,,,,
327,0.876080877,,,,
328,1.129269797,,,,
329,1.347178673,,,,
330,1.577238456,,,,
331,1.832525097,,,,
332,2.077601012,,,,
333,1.776062084,,,,
334,1.478566185,,,,
335,1.202097943,,,,
336,0.947809649,,,,
337,0.80846237,,,,
338,0.624442951,,,,
339,0.386030868,,,,
340,0.151344959,,,,
341,0.407774062,,,,
342,0.341051414,,,,
343,0.270854298,,,,
344,0.274382255,,,,
345,0.250912756,,,,
346,0.262063761,,,,
347,0.286706616,,,,
348,0.318929532,,,,
349,0.330693192,,,,
350,0.350879083,,,,
351,0.35485184,,,,
352,0.346540843,,,,
353,0.340149032,,,,
354,0.289134592,,,,
355,0.262141295,,,,
356,0.250559785,,,,
357,0.22434728,,,,
358,0.237969295,,,,
359,0.287909386,,,,
360,0.336219552,,,,
361,0.395701289,,,,
362,0.069628552,,,,
363,0.962613869,,,,
364,1.266439113,,,,
365,0.848089616,,,,
366,0.443512928,,,,
367,0.054897759,,,,
368,-0.310729116,,,,
369,-0.506276678,,,,
370,-0.674412432,,,,
371,-0.289148774,,,,
372,-0.272344963,,,,
373,-0.175907805,,,,
374,0.025010985,,,,
375,0.255589906,,,,
376,0.491608154,,,,
377,0.742929296,,,,
378,0.463791596,,,,
379,0.744637784,,,,
380,1.002803174,,,,
381,1.199844727,,,,
382,1.346836356,,,,
383,1.431384047,,,,
384,1.467572585,,,,
385,1.417868606,,,,
386,1.313961863,,,,
387,1.200418451,,,,
388,1.084575024,,,,
389,1.011002342,,,,
390,1.030113263,,,,
391,1.097660792,,,,
392,1.221974302,,,,
393,1.415194968,,,,
394,1.293400722,,,,
395,0.848957967,,,,
396,0.453365451,,,,
397,0.223855695,,,,
398,0.21862298,,,,
399,0.198216391,,,,
400,0.18917323,,,,
401,0.204670694,,,,
402,0.237526234,,,,
403,0.28318866,,,,
404,0.350947485,,,,
405,0.420270602,,,,
406,0.543088876,,,,
407,0.669694297,,,,
408,0.736285407,,,,
409,0.849134743,,,,
410,0.905177323,,,,
411,0.96472635,,,,
412,1.016331331,,,,
413,1.028813459,,,,
414,1.056117776,,,,
415,1.06196251,,,,
416,1.1120159,,,,
417,1.443678631,,,,
418,1.867420228,,,,
419,2.223689303,,,,
420,2.257950764,,,,
421,2.156204703,,,,
422,2.097559416,,,,
423,2.138656849,,,,
424,2.175856037,,,,
425,2.229329469,,,,
426,2.278017942,,,,
427,2.320098683,,,,
428,2.23117537,,,,
429,2.049941688,,,,
430,1.872932007,,,,
431,1.719557867,,,,
432,1.610377933,,,,
433,1.521740392,,,,
434,1.50960143,,,,
435,1.491878697,,,,
436,1.373492889,,,,
437,1.210584034,,,,
438,1.019554946,,,,
439,0.805858748,,,,
440,0.561064955,,,,
441,0.282312822,,,,
442,-0.031091161,,,,
443,-0.411296325,,,,
444,-0.228352402,,,,
445,-0.388956106,,,,
446,-0.533622078,,,,
447,-0.634530594,,,,
448,-0.772030875,,,,
449,-0.859992555,,,,
450,-0.88248981,,,,
451,-0.857164435,,,,
452,-0.781363516,,,,
453,-0.667836254,,,,
454,-0.500026358,,,,
455,-0.247691297,,,,
456,0.019306296,,,,
457,0.241942573,,,,
458,0.073573922,,,,
459,0.412755738,,,,
460,0.644103507,,,,
461,0.765129056,,,,
462,0.819446526,,,,
463,0.719774732,,,,
464,0.594084846,,,,
465,0.457589704,,,,
466,0.348347561,,,,
467,0.328869117,,,,
468,0.379694108,,,,
469,0.512888968,,,,
470,1.218108153,,,,
471,1.481158388,,,,
472,1.450391079,,,,
473,0.810441591,,,,
474,0.815989699,,,,
475,1.016257159,,,,
476,1.295545841,,,,
477,1.111068032,,,,
478,0.791035054,,,,
479,0.398412864,,,,
480,-0.050186605,,,,
481,-0.504725324,,,,
482,-0.28438533,,,,
483,-0.459239084,,,,
484,-0.600693172,,,,
485,-0.701685818,,,,
486,-0.763061696,,,,
487,-0.822724334,,,,
488,-0.85097587,,,,
489,-0.896475195,,,,
490,-0.921939409,,,,
491,-0.910139499,,,,
492,-0.897626433,,,,
493,-0.862672106,,,,
494,-0.787859461,,,,
495,-1.135886597,,,,
496,-0.971953021,,,,
497,-0.767553243,,,,
498,-0.48199914,,,,
499,-0.245001798,,,,
500,0.179959349,,,,
501,0.672224723,,,,
502,1.182003539,,,,
503,1.668307223,,,,
504,1.695761335,,,,
505,1.194912152,,,,
506,0.809622332,,,,
507,0.772583114,,,,
508,0.757030762,,,,
509,0.733049983,,,,
510,0.68159042,,,,
511,0.64325547,,,,
512,0.569517761,,,,
513,0.734974866,,,,
514,0.875994901,,,,
515,1.013146952,,,,
516,1.132564566,,,,
517,1.195808322,,,,
518,1.006362983,,,,
519,1.335150723,,,,
520,1.26847962,,,,
521,1.188094986,,,,
522,1.139106041,,,,
523,1.062400752,,,,
524,0.993137973,,,,
525,0.913567629,,,,
526,0.80862899,,,,
527,0.683730647,,,,
528,0.572743232,,,,
529,0.020227498,,,,
530,-0.071247189,,,,
531,-0.141925943,,,,
532,-0.279176803,,,,
533,-0.344764381,,,,
534,-0.398998769,,,,
535,-0.496667115,,,,
536,-0.555794593,,,,
537,-0.635343516,,,,
538,-0.667059707,,,,
539,-0.68125932,,,,
540,-0.650370426,,,,
541,-0.55890076,,,,
542,-0.391873465,,,,
543,-0.276027665,,,,
544,-0.148610397,,,,
545,-0.03184177,,,,
546,0.016997996,,,,
547,0.531111402,,,,
548,0.529605954,,,,
549,0.536597484,,,,
550,0.491212237,,,,
551,0.434685097,,,,
552,0.401675132,,,,
553,0.367780554,,,,
554,0.411688587,,,,
555,0.485602314,,,,
556,0.585759996,,,,
557,0.726060092,,,,
558,0.907068465,,,,
559,1.083380081,,,,
560,1.216768191,,,,
561,0.996068112,,,,
562,0.802325926,,,,
563,0.633789158,,,,
564,0.555547727,,,,
565,0.510650833,,,,
566,0.588563601,,,,
567,0.716848711,,,,
568,0.893621968,,,,
569,1.19568424,,,,
570,1.307522641,,,,
571,1.256364507,,,,
572,0.792531021,,,,
573,0.96672406,,,,
574,1.115987651,,,,
575,1.2015166,,,,
576,1.239139433,,,,
577,1.266376899,,,,
578,1.216178098,,,,
579,1.052770698,,,,
580,1.04997718,,,,
581,0.597666471,,,,
582,0.201998239,,,,
583,0.166622689,,,,
584,0.183711941,,,,
585,0.23265358,,,,
586,0.311309702,,,,
587,0.396401116,,,,
588,0.081347596,,,,
589,0.23689986,,,,
590,0.278136151,,,,
591,0.27366794,,,,
592,0.230583043,,,,
593,0.132755266,,,,
594,0.062841664,,,,
595,0.009497376,,,,
596,0.283897866,,,,
597,0.844393834,,,,
598,1.086101451,,,,
599,0.704106632,,,,
600,0.277413774,,,,
601,-0.13193812,,,,
602,-0.444993489,,,,
603,-0.617692276,,,,
604,-0.767902537,,,,
605,-0.893282241,,,,
606,-0.991751324,,,,
607,-1.012635386,,,,
608,-1.012213273,,,,
609,-0.456322315,,,,
610,-0.266343846,,,,
611,0.193158459,,,,
612,0.785103885,,,,
613,1.430443168,,,,
614,0.635172233,,,,
615,0.306724589,,,,
616,0.271955009,,,,
617,0.263811098,,,,
618,0.226300326,,,,
619,0.197746748,,,,
620,0.182159534,,,,
621,0.198272021,,,,
622,0.185228791,,,,
623,0.235124584,,,,
624,0.257828207,,,,
625,0.322734035,,,,
626,0.39834845,,,,
627,-0.010869519,,,,
628,0.120787797,,,,
629,0.270461414,,,,
630,0.730763062,,,,
631,1.048192435,,,,
632,1.301418633,,,,
633,1.426748228,,,,
634,1.439874271,,,,
635,1.361784634,,,,
636,1.22599992,,,,
637,1.038112617,,,,
638,0.787616589,,,,
639,0.510958609,,,,
640,0.449069147,,,,
641,0.414042531,,,,
642,0.368412883,,,,
643,0.328091223,,,,
644,0.320588559,,,,
645,0.295794359,,,,
646,0.267271583,,,,
647,0.224529503,,,,
648,0.173554012,,,,
649,0.113053301,,,,
650,0.000758693,,,,
651,0.866494454,,,,
652,1.266790434,,,,
653,1.410040921,,,,
654,1.172700112,,,,
655,1.070730782,,,,
656,1.042238005,,,,
657,1.12066494,,,,
658,1.334543827,,,,
659,1.344528602,,,,
660,0.881689857,,,,
661,0.398722955,,,,
662,0.358693675,,,,
663,0.30816597,,,,
664,0.267033184,,,,
665,0.205835658,,,,
666,0.140835959,,,,
667,0.048573458,,,,
668,0.002518101,,,,
669,-0.067319726,,,,
670,-0.119301827,,,,
671,-0.108619606,,,,
672,-0.110815178,,,,
673,-0.08084486,,,,
674,-0.061614729,,,,
675,0.002437523,,,,
676,0.049988355,,,,
677,0.563934792,,,,
678,1.284269717,,,,
679,0.795754691,,,,
680,0.377921331,,,,
681,-0.006215558,,,,
682,-0.298659133,,,,
683,-0.499028625,,,,
684,-0.552506319,,,,
685,-0.592330738,,,,
686,-0.590624888,,,,
687,-0.577700535,,,,
688,-0.45929334,,,,
689,-0.177184758,,,,
690,0.119009256,,,,
691,0.461241893,,,,
692,0.761659549,,,,
693,1.078591074,,,,
694,1.289076789,,,,
695,1.063766454,,,,
696,0.972778468,,,,
697,0.924802465,,,,
698,0.97968322,,,,
699,1.130004572,,,,
700,1.362493295,,,,
701,1.293210833,,,,
702,1.082961602,,,,
703,0.819646361,,,,
704,0.517253762,,,,
705,-0.195512933,,,,
706,-0.37573377,,,,
707,-0.398855412,,,,
708,-0.399522606,,,,
709,-0.36974811,,,,
710,-0.334173764,,,,
711,-0.344270054,,,,
712,-0.312141367,,,,
713,-0.285385226,,,,
714,-0.230048445,,,,
715,-0.104169984,,,,
716,0.234461187,,,,
717,0.612204703,,,,
718,1.050625556,,,,
719,0.967598138,,,,
720,0.372751995,,,,
721,0.31606369,,,,
722,0.311229456,,,,
723,0.293813346,,,,
724,0.2964296,,,,
725,0.315559021,,,,
726,0.369002616,,,,
727,0.38631004,,,,
728,-0.0051912,,,,
729,0.109622717,,,,
730,0.217911572,,,,
731,0.31715094,,,,
732,0.397824471,,,,
733,0.484107164,,,,
734,0.5457357,,,,
735,0.589840497,,,,
736,0.620088908,,,,
737,0.628263901,,,,
738,0.596926861,,,,
739,0.608339746,,,,
740,0.598696855,,,,
741,0.634186988,,,,
742,0.724089491,,,,
743,0.827874422,,,,
744,1.115795652,,,,
745,1.627858908,,,,
746,2.189009866,,,,
747,2.409159489,,,,
748,2.262468691,,,,
749,2.084704318,,,,
750,1.880551502,,,,
751,1.707344543,,,,
752,1.555175787,,,,
753,1.432909621,,,,
754,1.342703295,,,,
755,1.268349644,,,,
756,1.267010731,,,,
757,1.2755683,,,,
758,1.342659954,,,,
759,1.428252551,,,,
760,1.508902554,,,,
761,1.642676518,,,,
762,1.339182769,,,,
763,0.992622409,,,,
764,0.679079653,,,,
765,0.39311387,,,,
766,0.317487998,,,,
767,0.352926127,,,,
768,0.458060674,,,,
769,0.562713516,,,,
770,0.674703089,,,,
771,0.720929812,,,,
772,0.762665395,,,,
773,0.715776596,,,,
774,0.661562092,,,,
775,0.555364901,,,,
776,0.407951527,,,,
777,0.326009173,,,,
778,0.38442635,,,,
779,0.460679993,,,,
780,0.567356968,,,,
781,1.198373692,,,,
782,1.399821867,,,,
783,1.507284898,,,,
784,1.286140852,,,,
785,1.075427892,,,,
786,0.766070588,,,,
787,0.499227234,,,,
788,0.207916799,,,,
789,-0.05610518,,,,
790,-0.259736491,,,,
791,-0.448076502,,,,
792,-0.501517194,,,,
793,-0.51561646,,,,
794,-0.472591115,,,,
795,-0.434014298,,,,
796,-0.344889758,,,,
797,-0.221027971,,,,
798,0.017740008,,,,
799,-0.151182287,,,,
800,0.18451468,,,,
801,0.532396245,,,,
802,0.81552888,,,,
803,1.145752756,,,,
804,0.984234545,,,,
805,0.615877641,,,,
806,0.276631839,,,,
807,0.034819456,,,,
808,-0.018288541,,,,
809,0.426188532,,,,
810,0.406576397,,,,
811,0.37984652,,,,
812,0.470432409,,,,
813,0.691603959,,,,
814,1.018824371,,,,
815,1.37183983,,,,
816,1.065120536,,,,
817,0.756640217,,,,
818,0.480068327,,,,
819,0.276397633,,,,
820,0.149419944,,,,
821,0.086756481,,,,
822,0.087029471,,,,
823,0.123891569,,,,
824,0.186246254,,,,
825,0.267479258,,,,
826,0.348414573,,,,
827,0.367842512,,,,
828,0.393021061,,,,
829,-0.019954969,,,,
830,0.11416756,,,,
831,0.189409486,,,,
832,0.239932055,,,,
833,0.257134493,,,,
834,0.279027893,,,,
835,0.242140786,,,,
836,0.120560237,,,,
837,-0.042109308,,,,
838,-0.251042044,,,,
839,-0.499943367,,,,
840,-0.230711544,,,,
841,-0.191476584,,,,
842,-0.123543282,,,,
843,-0.053926013,,,,
844,0.008503476,,,,
845,0.095733069,,,,
846,0.131672219,,,,
847,0.154521973,,,,
848,0.164865548,,,,
849,0.125355765,,,,
850,0.061140429,,,,
851,0.025231764,,,,
852,-0.006320302,,,,
853,-0.023704617,,,,
854,0.038988135,,,,
855,0.174310795,,,,
856,0.410371787,,,,
857,0.501123995,,,,
858,0.644620427,,,,
859,1.116668467,,,,
860,1.317647384,,,,
861,0.886960624,,,,
862,0.50202204,,,,
863,0.576963129,,,,
864,0.595805987,,,,
865,0.591940575,,,,
866,0.559150728,,,,
867,0.528388025,,,,
868,0.424528094,,,,
869,0.47977993,,,,
870,0.859435753,,,,
871,1.122756469,,,,
872,1.108276774,,,,
873,0.704719742,,,,
874,0.309017742,,,,
875,-0.02486047,,,,
876,-0.291492502,,,,
877,-0.490229031,,,,
878,-0.555693979,,,,
879,-0.649026279,,,,
880,-0.674945162,,,,
881,-0.667202837,,,,
882,-0.676914856,,,,
883,-0.608468049,,,,
884,-0.469549969,,,,
885,-0.270447299,,,,
886,-0.057043829,,,,
887,0.188619714,,,,
888,0.414784216,,,,
889,0.677033829,,,,
890,0.933760299,,,,
891,0.918001731,,,,
892,1.051540902,,,,
893,1.326057638,,,,
894,1.204515489,,,,
895,1.009916504,,,,
896,0.773196132,,,,
897,0.558590307,,,,
898,0.386807155,,,,
899,0.8401246,,,,
900,0.881225496,,,,
901,0.983394774,,,,
902,1.138692633,,,,
903,1.27854589,,,,
904,1.332272957,,,,
905,1.205263792,,,,
906,1.098331725,,,,
907,1.067560159,,,,
908,0.977564879,,,,
909,0.958518629,,,,
910,0.95010893,,,,
911,0.944475405,,,,
912,0.966770608,,,,
913,1.043216219,,,,
914,1.118788307,,,,
915,1.228063292,,,,
916,1.303818662,,,,
917,1.138737592,,,,
918,0.960184234,,,,
919,0.82495114,,,,
920,0.708152615,,,,
921,0.658448499,,,,
922,0.726039123,,,,
923,0.876897513,,,,
924,1.137244918,,,,
925,1.072692695,,,,
926,0.910362582,,,,
927,0.625518721,,,,
928,0.315039214,,,,
929,0.055131886,,,,
930,-0.157715278,,,,
931,-0.172724098,,,,
932,0.12608816,,,,
933,0.161046235,,,,
934,0.158871955,,,,
935,0.155026939,,,,
936,0.090642372,,,,
937,-0.043025823,,,,
938,-0.216443284,,,,
939,-0.404648477,,,,
940,-0.535950154,,,,
941,-0.638698357,,,,
942,-0.710785816,,,,
943,-0.776291529,,,,
944,-0.796856579,,,,
945,-0.807416419,,,,
946,-0.778554016,,,,
947,-0.69501629,,,,
948,-0.625340763,,,,
949,-0.493056779,,,,
950,-0.230056074,,,,
951,0.228039229,,,,
952,0.685766487,,,,
953,1.164779846,,,,
954,0.43750949,,,,
955,-0.063332082,,,,
956,-0.098754078,,,,
957,-0.087568225,,,,
958,-0.085256971,,,,
959,-0.041860107,,,,
960,0.036760688,,,,
961,0.094219038,,,,
962,0.133340613,,,,
963,0.18522079,,,,
964,0.214305906,,,,
965,0.198215417,,,,
966,0.168313523,,,,
967,0.168078459,,,,
968,0.150535171,,,,
969,0.112605904,,,,
970,0.13599106,,,,
971,0.180891775,,,,
972,0.213689463,,,,
973,0.273266021,,,,
974,0.336671136,,,,
975,0.401486165,,,,
976,0.018037944,,,,
977,0.187245279,,,,
978,0.36418158,,,,
979,0.529095452,,,,
980,0.660599485,,,,
981,0.795744881,,,,
982,0.807794365,,,,
983,0.7519172,,,,
984,0.625316888,,,,
985,0.39209882,,,,
986,0.125795979,,,,
987,0.394868795,,,,
988,0.26834669,,,,
989,0.15627017,,,,
990,0.087746681,,,,
991,0.033371694,,,,
992,0.014261391,,,,
993,0.028743919,,,,
994,0.049546945,,,,
995,0.091528017,,,,
996,0.188667533,,,,
997,0.214561251,,,,
998,0.278089799,,,,
999,0.331788991,,,,
1000,-0.070972395,,,,
1001,0.035391616,,,,
1002,0.16634197,,,,
1003,0.222506042,,,,
1004,0.295580252,,,,
1005,0.330466063,,,,
1006,0.345653833,,,,
1007,0.357818554,,,,
1008,0.349134844,,,,
1009,1.027325689,,,,
1010,1.199942793,,,,
1011,0.670052992,,,,
1012,0.202491067,,,,
1013,0.314313029,,,,
1014,0.104510352,,,,
1015,-0.002308646,,,,
1016,0.015805682,,,,
1017,0.077017964,,,,
1018,0.210727545,,,,
1019,0.405687575,,,,
1020,0.620238189,,,,
1021,0.870936969,,,,
1022,1.10306098,,,,
1023,1.322288946,,,,
1024,1.116302799,,,,
1025,0.886568369,,,,
1026,0.708846052,,,,
1027,0.544042458,,,,
1028,0.458323484,,,,
1029,0.39633021,,,,
1030,0.439203774,,,,
1031,0.526496125,,,,
1032,0.712856029,,,,
1033,0.950347658,,,,
1034,1.24760482,,,,
1035,1.200973739,,,,
1036,0.997483943,,,,
1037,0.804909914,,,,
1038,0.571841714,,,,
1039,-0.074802271,,,,
1040,-0.182401551,,,,
1041,-0.302991333,,,,
1042,-0.301335859,,,,
1043,-0.304978462,,,,
1044,-0.347816704,,,,
1045,-0.396250902,,,,
1046,-0.482922452,,,,
1047,-0.546346004,,,,
1048,-0.587889806,,,,
1049,-0.639859495,,,,
1050,-0.674295046,,,,
1051,-0.689084007,,,,
1052,-0.692396545,,,,
1053,-0.174022904,,,,
1054,-0.07626027,,,,
1055,-0.026026442,,,,
1056,0.061100364,,,,
1057,0.126085491,,,,
1058,0.126051873,,,,
1059,0.126718126,,,,
1060,0.092773885,,,,
1061,0.029309125,,,,
1062,-0.032279356,,,,
1063,-0.098738967,,,,
1064,-0.146281985,,,,
1065,-0.153170893,,,,
1066,-0.107421277,,,,
1067,-0.039785997,,,,
1068,-0.347909035,,,,
1069,-0.152718247,,,,
1070,0.073232688,,,,
1071,0.326665777,,,,
1072,1.032743037,,,,
1073,1.322617487,,,,
1074,1.372989933,,,,
1075,0.897086504,,,,
1076,0.44299357,,,,
1077,0.209764637,,,,
1078,0.139288022,,,,
1079,0.074936417,,,,
1080,0.027471973,,,,
1081,-0.001556225,,,,
1082,-0.023257676,,,,
1083,-0.042260087,,,,
1084,-0.056903549,,,,
1085,-0.024075891,,,,
1086,0.027036028,,,,
1087,0.088278765,,,,
1088,0.194583676,,,,
1089,0.303816685,,,,
1090,0.405907072,,,,
1091,0.148132117,,,,
1092,0.365190155,,,,
1093,0.495581324,,,,
1094,0.516366532,,,,
1095,0.457656052,,,,
1096,0.317100225,,,,
1097,0.127604202,,,,
1098,0.401919484,,,,
1099,0.347239435,,,,
1100,0.282562162,,,,
1101,0.397794192,,,,
1102,0.665346609,,,,
1103,1.028290322,,,,
1104,1.401275179,,,,
1105,1.281398962,,,,
1106,1.135013847,,,,
1107,0.548768735,,,,
1108,0.611437967,,,,
1109,0.69818379,,,,
1110,0.812096828,,,,
1111,0.938759174,,,,
1112,1.086041458,,,,
1113,1.209174947,,,,
1114,1.275165795,,,,
1115,1.253533287,,,,
1116,1.192490962,,,,
1117,1.562801579,,,,
1118,1.470861378,,,,
1119,1.363262498,,,,
1120,1.156190116,,,,
1121,0.938434831,,,,
1122,0.698635323,,,,
1123,0.435190406,,,,
1124,0.120571612,,,,
1125,-0.147208204,,,,
1126,-0.367730346,,,,
1127,-0.482868737,,,,
1128,-0.544166367,,,,
1129,-0.606125027,,,,
1130,-0.592655065,,,,
1131,-0.529992971,,,,
1132,-0.434788108,,,,
1133,-0.119606799,,,,
1134,0.158907737,,,,
1135,0.477578901,,,,
1136,0.812870142,,,,
1137,1.070022055,,,,
1138,0.831849703,,,,
1139,1.140974842,,,,
1140,1.38835077,,,,
1141,1.579103307,,,,
1142,1.650221458,,,,
1143,1.63928158,,,,
1144,1.521769927,,,,
1145,1.334110542,,,,
1146,1.109020228,,,,
1147,1.475522174,,,,
1148,1.395605325,,,,
1149,1.347562658,,,,
1150,1.170165088,,,,
1151,0.948919886,,,,
1152,0.721882733,,,,
1153,0.500960556,,,,
1154,0.270268738,,,,
1155,0.229102624,,,,
1156,0.279818315,,,,
1157,0.321687868,,,,
1158,0.372167382,,,,
1159,0.402684577,,,,
1160,0.02975436,,,,
1161,0.24779488,,,,
1162,0.582824822,,,,
1163,0.879825493,,,,
1164,1.175928713,,,,
1165,1.165631231,,,,
1166,0.931235047,,,,
1167,0.654694921,,,,
1168,0.807720253,,,,
1169,0.882347319,,,,
1170,0.845436372,,,,
1171,0.844250955,,,,
1172,0.873913566,,,,
1173,0.944120942,,,,
1174,1.051178516,,,,
1175,1.152171045,,,,
1176,1.29844307,,,,
1177,1.43725508,,,,
1178,1.16935904,,,,
1179,0.918501539,,,,
1180,0.695612036,,,,
1181,0.510943023,,,,
1182,0.398799372,,,,
1183,0.372875554,,,,
1184,0.362394414,,,,
1185,0.321824338,,,,
1186,0.314653423,,,,
1187,0.35491516,,,,
1188,0.386546608,,,,
1189,0.413419108,,,,
1190,-0.012549618,,,,
1191,0.038809821,,,,
1192,0.062402621,,,,
1193,0.091414575,,,,
1194,0.101450282,,,,
1195,0.128175612,,,,
1196,0.124237488,,,,
1197,0.156641248,,,,
1198,0.210123346,,,,
1199,0.27417481,,,,
1200,0.282631392,,,,
1201,0.309639441,,,,
1202,0.286225378,,,,
1203,0.232577704,,,,
1204,0.16979087,,,,
1205,0.100924318,,,,
1206,0.071034074,,,,
1207,0.043746692,,,,
1208,0.308470363,,,,
1209,0.767534405,,,,
1210,1.26046086,,,,
1211,1.027214968,,,,
1212,0.814153984,,,,
1213,0.63477439,,,,
1214,0.463140912,,,,
1215,0.30351897,,,,
1216,0.215992407,,,,
1217,0.099173367,,,,
1218,-0.006922919,,,,
1219,-0.083770888,,,,
1220,-0.107378501,,,,
1221,-0.15639894,,,,
1222,-0.168842247,,,,
1223,-0.187491079,,,,
1224,-0.171009441,,,,
1225,0.280587437,,,,
1226,0.348266662,,,,
1227,0.372166832,,,,
1228,0.39423689,,,,
1229,0.392996942,,,,
1230,0.360170993,,,,
1231,0.33369417,,,,
1232,0.302206854,,,,
1233,0.271508371,,,,
1234,0.208032368,,,,
1235,0.163016702,,,,
1236,0.10989713,,,,
1237,0.069858281,,,,
1238,0.013179488,,,,
1239,-0.029954847,,,,
1240,-0.02221691,,,,
1241,-0.045673575,,,,
1242,-0.020427601,,,,
1243,0.052759232,,,,
1244,0.12202465,,,,
1245,0.194124246,,,,
1246,0.284877503,,,,
1247,0.371699978,,,,
1248,0.452484472,,,,
1249,0.481105983,,,,
1250,0.544101941,,,,
1251,0.551257025,,,,
1252,0.547636697,,,,
1253,0.491413803,,,,
1254,0.405549695,,,,
1255,0.307220655,,,,
1256,0.163759561,,,,
1257,-0.035145092,,,,
1258,-0.237217999,,,,
1259,-0.381396088,,,,
1260,-0.471238504,,,,
1261,-0.515548468,,,,
1262,-0.580025051,,,,
1263,-0.58601665,,,,
1264,-0.586207717,,,,
1265,-0.516665623,,,,
1266,-0.303145799,,,,
1267,-0.021313444,,,,
1268,0.289021112,,,,
1269,0.656498771,,,,
1270,1.034114594,,,,
1271,1.439862775,,,,
1272,1.033783907,,,,
1273,0.704133938,,,,
1274,0.438903211,,,,
1275,0.431212675,,,,
1276,-0.013917107,,,,
1277,-0.00780109,,,,
1278,0.452753422,,,,
1279,0.551043797,,,,
1280,0.819505336,,,,
1281,1.171698354,,,,
1282,1.425319839,,,,
1283,1.089380367,,,,
1284,0.739804051,,,,
1285,0.415210325,,,,
1286,0.12936546,,,,
1287,-0.164852365,,,,
1288,-0.389212341,,,,
1289,-0.505211939,,,,
1290,-0.63633731,,,,
1291,-0.737206709,,,,
1292,-0.849233324,,,,
1293,-0.944972661,,,,
1294,-1.011600055,,,,
1295,-1.086441659,,,,
1296,-1.120617895,,,,
1297,-1.122400124,,,,
1298,-1.074095821,,,,
1299,-1.023286055,,,,
1300,-0.898583536,,,,
1301,-0.760282925,,,,
1302,-0.547177727,,,,
1303,-0.348588263,,,,
1304,-0.035391657,,,,
1305,-0.051769141,,,,
1306,0.362249784,,,,
1307,0.719243674,,,,
1308,1.039092172,,,,
1309,1.337856434,,,,
1310,0.870904601,,,,
1311,0.484776337,,,,
1312,0.375177406,,,,
1313,0.369581158,,,,
1314,0.381954991,,,,
1315,0.375049108,,,,
1316,0.198394935,,,,
1317,0.132322879,,,,
1318,0.306400452,,,,
1319,0.494943635,,,,
1320,0.672089007,,,,
1321,0.836152128,,,,
1322,0.936645342,,,,
1323,1.013965673,,,,
1324,1.040107564,,,,
1325,0.998954814,,,,
1326,0.91140253,,,,
1327,0.761671673,,,,
1328,0.577355967,,,,
1329,0.342769497,,,,
1330,0.144043548,,,,
1331,-0.041884578,,,,
1332,0.353416528,,,,
1333,0.322661553,,,,
1334,0.315063281,,,,
1335,-0.100657553,,,,
1336,0.03265396,,,,
1337,0.145261443,,,,
1338,0.206077048,,,,
1339,0.210396935,,,,
1340,0.180065496,,,,
1341,0.131577203,,,,
1342,0.059284739,,,,
1343,0.00454563,,,,
1344,-0.006042851,,,,
1345,-0.009897284,,,,
1346,0.065566637,,,,
1347,0.117495308,,,,
1348,0.199479812,,,,
1349,0.234688838,,,,
1350,0.212544397,,,,
1351,0.155307351,,,,0.675
1352,0.104943965,,,,0.341
1353,-0.010979961,,,,0.685
1354,0.384157979,,,,2.761
1355,0.353237274,,,,1.231
1356,0.722080517,,,,2.347
1357,1.132649379,,,,2.229
1358,1.325312777,,,,0.9
1359,1.080905795,,,,-0.77
1360,0.925599528,,,,-0.744
1361,0.851682705,,,,0.431
1362,0.845979046,,,,2.85
1363,0.938679243,,,,2.378
1364,1.013984291,,,,2.502
1365,1.194596455,,,,0.003
1366,1.316952956,,,,0.189
1367,1.422474802,,,,0.48
1368,1.161500382,,,,3.781
1369,0.943244674,,,,-1.786
1370,0.767243052,,,,0.879
1371,0.646894019,,,,-1.46
1372,0.629570696,,,,1.446
1373,0.710430581,,,,1.011
1374,0.901444041,,,,3.884
1375,1.134717034,,,,0.429
1376,1.210463256,,,,-1.23
1377,1.065794405,,,,-0.027
1378,0.924262552,,,,2.737
1379,0.901041798,,,,0.986
1380,0.973822059,,,,0.864
1381,1.091179382,,,,2.788
1382,1.30004174,,,,1.092
1383,1.399959186,,,,-1.647
1384,1.201948286,,,,0.486
1385,0.993369973,,,,1.079
1386,0.34945183,,,,-0.143
1387,0.209191684,,,,-1.709
1388,0.09655179,,,,-0.698
1389,0.062603188,,,,0.667
1390,-0.030079317,,,,-1.051
1391,0.377439281,,,,0.943
1392,0.360780352,,,,0.564
1393,0.377026686,,,,1.504
1394,0.51140318,,,,3.19
1395,0.668405745,,,,1.138
1396,0.783133833,,,,-0.431
1397,0.84778435,,,,-1.255
1398,0.885155898,,,,-1.578
1399,0.800180723,,,,-2.404
1400,0.672274259,,,,-1.564
1401,0.462617497,,,,-1.027
1402,0.272231581,,,,2.218
1403,0.308672969,,,,2.945
1404,0.37204405,,,,4.323
1405,0.415594206,,,,1.811
1406,0.089187906,,,,-0.187
1407,0.235650148,,,,-0.588
1408,0.349624063,,,,0.138
1409,0.393520971,,,,2.405
1410,0.408603814,,,,-1.523
1411,0.29716326,,,,-0.394
1412,0.178380355,,,,2.38
1413,0.022573702,,,,-0.074
1414,0.362211134,,,,-0.794
1415,0.271058771,,,,-1.189
1416,0.241712972,,,,-0.241
1417,0.197561769,,,,2.716
1418,0.167669149,,,,2.133
1419,0.183327166,,,,0.023
1420,0.194634802,,,,1.178
1421,0.22182905,,,,0.779
1422,0.270266904,,,,-1.291
1423,0.305133556,,,,-0.846
1424,0.506250434,,,,0.903
1425,0.827384331,,,,2.918
1426,1.1251494,,,,0.864
1427,1.369734023,,,,0.67
1428,1.407560393,,,,2.673
1429,1.274291267,,,,1.543
1430,1.173138743,,,,1.35
1431,1.121554096,,,,0.283
1432,1.152650797,,,,2.767
1433,1.074226405,,,,1.389
1434,0.676436161,,,,0.478
1435,0.187240616,,,,-0.898
1436,-0.092007285,,,,0.258
1437,-0.092594307,,,,-0.445
1438,-0.09489344,,,,-0.796
1439,-0.072855469,,,,-0.686
1440,-0.036237711,,,,-1.292
1441,0.016670494,,,,0.221
1442,0.053059745,,,,2.108
1443,0.080134175,,,,0.255
1444,0.125843795,,,,-1.857
1445,0.157809216,,,,-3.036
1446,0.177409916,,,,-3.272
1447,0.202163728,,,,-0.441
1448,0.196771665,,,,-1.511
1449,0.203068758,,,,1.092
1450,0.206344176,0.09375,,,-1.601
1451,0.193698568,0.35301,,,1.306
1452,0.193845087,-0.01115,,,3.505
1453,0.207736795,-0.0238,,,-2.035
1454,0.647867702,-0.21249,,,-1.53
1455,1.080096904,0.03524,,,-1.407
1456,0.391965701,0.07526,,,-0.975
1457,-0.185002925,-0.19102,,,-1.506
1458,-0.563630255,-0.64263,,,-0.253
1459,-0.720860429,-0.63924,,,-1.201
1460,-0.791521792,0.1787,,,0.023
1461,-0.824807102,-0.24428,,,1.347
1462,-0.784485597,-0.10358,,,3.198
1463,-0.744737144,-0.30177,,,-0.338
1464,-0.630857064,-0.1783,,,0.385
1465,-0.56756191,-0.40435,,,-1.364
1466,-0.468712879,-0.55782,,,1.275
1467,-0.430012456,-0.40256,,,2.796
1468,-0.359523836,-0.22729,,,0.326
1469,-0.369726174,-0.35176,,,-0.065
1470,-0.383886005,-0.32524,,,-1.173
1471,-0.41364403,-0.24562,,,-2.698
1472,-0.864624318,-0.42976,,,-1.355
1473,-0.849523803,-0.05167,,,0.306
1474,-0.86450398,-0.49574,,,0.698
1475,-0.900515255,-0.77592,,,-0.101
1476,-0.920898583,-0.33656,,,0.926
1477,-0.936634812,-0.35915,,,0.418
1478,-0.425972775,-0.44168,,,1.566
1479,-0.355996391,-0.2521,,,1.06
1480,-0.234149353,-0.4593,,,2.485
1481,-0.020562685,-0.32519,,,0.418
1482,0.190087046,0.01632,,,0.872
1483,0.302256568,-0.32875,,,-0.359
1484,0.379921657,-0.22911,,,1.591
1485,0.362717663,-0.35547,,,2.868
1486,0.225248348,-0.27657,,,0.581
1487,0.025416917,-0.19188,,,-1.19
1488,-0.195356127,-0.08986,,,1.094
1489,-0.379628588,0.40088,,,1.415
1490,-0.460431205,-0.29335,,,-1.194
1491,-0.523568253,-0.37488,,,-1.694
1492,-0.592045331,0.04336,,,-0.206
1493,-0.574754808,-0.16002,,,2.776
1494,-0.592382911,-0.09757,,,1.483
1495,-0.574500443,-0.17999,,,-1.411
1496,-0.546011995,-0.02024,,,0.653
1497,-0.48504105,-0.54514,,,0.923
1498,-0.420681608,-0.29406,,,3.187
1499,-0.330740653,-0.16613,,,2.648
1500,-0.187001377,0.0416,,,1.09
1501,0.009018458,-0.56461,,,-1.291
1502,-0.241060892,-0.75835,,,-0.457
1503,0.052762045,-0.2237,,,0.154
1504,0.299407765,0.35132,,,2.076
1505,0.532062362,-0.40129,,,0.632
1506,0.724356795,-0.10533,,,-0.042
1507,0.912910592,-0.33119,,,0.596
1508,1.547598785,-0.19299,,,0.881
1509,1.230840002,-0.1848,,,0.086
1510,0.901959372,-0.15285,,,0.4
1511,0.618240533,-0.22675,,,2.869
1512,0.371060503,-0.23296,,,-2.551
1513,0.2677588,-0.50392,,,-1.088
1514,0.251854451,-0.05746,,,0.312
1515,0.216815019,-0.03109,,,0.735
1516,0.202330624,-0.27709,,,-1.283
1517,0.162408881,-0.60485,,,-0.519
1518,0.176128354,-0.37229,,,0.335
1519,0.167399311,-0.40651,,,0.823
1520,0.182396556,0.1169,,,2.293
1521,0.23751011,-0.01194,,,0.045
1522,0.244000635,-0.14611,,,-0.18
1523,0.326719337,-0.3844,,,0.975
1524,0.358112646,0.30141,,,0.777
1525,0.391780417,0.00876,,,0.346
1526,-0.009976024,-0.00483,,,4.403
1527,-0.013489657,0.22662,,,1.39
1528,-0.024328143,-0.28851,,,-1.89
1529,-0.008525653,-0.4978,,,2.316
1530,0.100787063,0.36162,,,1.276
1531,0.5520023,-0.41755,,,2.104
1532,1.068768239,-0.07752,,,-1.658
1533,0.870200816,-0.44919,,,-2.485
1534,0.542838931,-0.42772,,,0.141
1535,0.192108186,-0.29443,,,-0.447
1536,-0.094480469,-0.29126,,,-0.289
1537,-0.361509025,-0.2335,,,1.173
1538,-0.616938534,-0.50362,,,-3.995
1539,-0.30622356,-0.08775,,,0.113
1540,-0.343209463,-0.7568,,,-0.216
1541,-0.398482121,-0.73766,,,-1.375
1542,-0.427601893,-0.79699,,,-1.275
1543,-0.403056711,-0.62911,,,2.203
1544,-0.377622941,-1.21425,,,1.197
1545,-0.234980771,-0.40313,,,2.401
1546,-0.082418382,-0.45093,,,-0.659
1547,0.087092465,-0.90536,,,0.962
1548,0.254845463,-0.48367,,,0.658
1549,0.404944955,-0.32941,,,0.597
1550,0.521420684,0.00267,,,-0.041
1551,0.617521893,-0.33722,,,1.236
1552,0.278827515,-0.89403,,,-0.584
1553,0.466269088,-0.6135,,,1.089
1554,0.682881311,-0.57756,,,2.802
1555,0.887082307,-0.67291,,,2.036
1556,1.099023649,-0.50926,,,2.855
1557,1.152281096,-0.91712,,,1.201
1558,0.746957983,-0.28984,,,0.596
1559,0.38282588,-0.68762,,,-0.415
1560,0.570808837,-0.30328,,,-0.138
1561,0.433870327,-0.13845,,,0.908
1562,0.412189912,-0.35821,,,-0.105
1563,0.420779931,-0.31502,,,-1.78
1564,0.41975714,-0.24402,,,1.416
1565,0.430803752,0.20492,,,6.316
1566,0.415552228,-0.28077,,,0.947
1567,0.420768482,-0.4821,,,-0.594
1568,0.381782548,-0.30842,,,0.264
1569,0.364142416,0.05006,,,0.184
1570,0.355183841,-0.55333,,,0.81
1571,0.436268902,-0.52367,,,-0.868
1572,0.451042879,0.07062,,,0.278
1573,0.377227855,-0.05718,,,0.623
1574,0.246246658,-0.3269,,,2.293
1575,0.132025532,-0.62436,,,3.075
1576,0.084313714,-0.61011,,,-0.837
1577,0.047083896,-0.5762,,,-0.493
1578,0.017662352,-0.39431,,,-0.023
1579,0.000767106,-0.74608,,,-1.265
1580,-0.000880624,-0.41796,,,-0.067
1581,-0.036151398,-0.47831,,,2.836
1582,-0.016106077,-0.23391,,,2.241
1583,-0.007914288,-0.33986,,,1.301
1584,-0.001207377,-0.5177,,,-1.471
1585,0.017960368,-0.25034,,,-1.005
1586,0.016168731,-0.58193,,,0.112
1587,0.037020241,-1.01813,,,-1.404
1588,0.077978692,-0.30157,,,-0.653
1589,0.105665685,-0.33075,,,-3.236
1590,0.133255482,-0.15269,,,-3.902
1591,0.167721088,-0.52787,,,-0.085
1592,0.187060651,-0.64183,,,-0.02
1593,0.226109673,0.04912,,,-1.396
1594,0.256386157,-0.11158,,,2.663
1595,0.250628864,-0.42369,,,1.578
1596,0.263150209,-0.47466,,,0.629
1597,0.288032804,-0.58447,,,3.516
1598,0.277699615,0.1644,,,2.008
1599,0.360416931,-0.43711,,,0.71
1600,0.79961834,-1.03107,,,-2.069
1601,1.39607815,-0.71797,,,-1.249
1602,1.14090305,-0.54424,,,0.046
1603,0.518362051,-0.44308,,,0.573
1604,-0.332401603,-0.5595,,,1.03
1605,-0.595199408,0.13346,,,1.185
1606,-0.672909298,-0.21754,,0.108,0.827
1607,-0.739998975,-0.02401,,0.138,4.052
1608,-0.765758853,-0.08896,,0.157,-0.09
1609,-0.748484923,0.01414,,0.138,-0.443
1610,-0.712183962,-0.32176,,0.159,3.579
1611,-0.678594329,-0.26582,,0.218,0.232
1612,-0.657654689,-0.55293,,0.216,-0.236
1613,-0.637322896,-0.31912,,0.218,0.188
1614,-0.641892575,-0.04121,,0.211,1.623
1615,-0.655616106,-0.39988,,0.209,3.349
1616,-0.673773871,-0.29823,,0.238,0.522
1617,-0.646409078,-0.29551,,0.276,1.571
1618,0.19706289,-0.20813,,0.282,0.706
1619,0.716756377,-0.51846,,0.274,0.23
1620,1.247573737,-0.48487,,0.279,2.713
1621,1.005661158,-0.6141,,0.289,3.883
1622,0.308653748,0.05785,,0.264,1.649
1623,0.285692046,-0.22422,,0.271,-0.719
1624,0.324433528,-0.59216,,0.17,-0.126
1625,0.337168592,-0.45872,,0.161,-0.534
1626,0.352999345,-0.31536,,0.147,-0.912
1627,0.363906643,-0.5598,,0.172,1.08
1628,0.403594289,-0.30971,,0.163,-0.463
1629,-0.067148671,-0.62946,,0.116,4.569
1630,-0.062108491,-0.4881,,0.115,1.348
1631,-0.049874661,-0.14847,,0.118,0.424
1632,0.381610939,-0.41611,,0.077,-1.293
1633,0.377095021,0.29373,,-0.019,1.281
1634,0.329381731,0.36427,,-0.044,3.932
1635,0.289802681,-0.12479,,-0.061,4.437
1636,0.253694662,-0.2119,,-0.048,1.905
1637,0.200327138,-0.78188,,-0.037,-1.873
1638,0.192183839,-0.29485,,-0.04,-2.509
1639,0.587910203,0.01237,,-0.037,-0.348
1640,0.973240946,0.12275,,-0.049,0.746
1641,1.192770253,-0.46477,,-0.038,-2.908
1642,0.928451091,-0.64163,,-0.019,-2.255
1643,0.729683356,-0.16008,,0.013,-3.378
1644,0.517123513,-0.34707,,0.038,-1.204
1645,0.412089313,-0.50296,,0.107,-2.85
1646,0.348730455,0.16902,,0.157,1.47
1647,0.302940752,-0.29458,,0.179,3.614
1648,0.281518277,0.04093,,0.241,-0.107
1649,0.269164138,-0.28718,,0.207,1.075
1650,0.269972648,-0.19911,-0.018,0.217,-2.684
1651,-0.198483626,-0.45444,-0.012,0.182,2.607
1652,-0.137247276,-0.56865,-0.001,0.154,-1.145
1653,-0.057641822,-0.44109,0.011,0.123,-0.495
1654,-0.059827146,0.15442,0.02,0.075,-0.08
1655,-0.058433647,0.33973,0.029,0.062,1.8
1656,-0.065187572,-0.38577,0.035,0.019,3.974
1657,-0.087711268,0.10783,0.034,0.011,-0.322
1658,-0.126799471,-0.54103,0.02,0.001,-1.721
1659,-0.204201338,-0.67442,0.001,0.072,0.014
1660,0.297947203,0.24188,-0.004,0.05,1.036
1661,0.309126782,-0.53723,0.016,0.01,4.415
1662,0.341202048,-0.98975,0.05,0.059,0.711
1663,0.304930542,-0.37044,0.083,0.097,-2.549
1664,0.259499793,-0.36578,0.101,0.169,-2.196
1665,0.225818221,-0.58675,0.098,0.221,1.606
1666,0.238072531,-0.43398,0.076,0.249,-0.429
1667,0.254059112,-0.30122,0.036,0.268,-0.175
1668,0.306114247,-0.41628,-0.02,0.274,-0.94
1669,0.322910991,-0.56074,-0.077,0.287,-1.405
1670,0.327864039,-0.43039,-0.115,0.286,2.287
1671,-0.079015702,-0.46556,-0.117,0.279,3.317
1672,0.002868443,0.13091,-0.088,0.187,0.174
1673,0.023186941,-0.3272,-0.046,0.213,-0.442
1674,-0.022142728,-0.85252,-0.003,0.224,2.034
1675,-0.069696562,-0.55367,0.032,0.149,-1.438
1676,-0.071502809,-0.33299,0.054,0.089,-1.596
1677,-0.122361291,-0.81221,0.056,0.013,0.325
1678,-0.172588549,-0.74214,0.037,-0.028,-0.715
1679,-0.175887173,-0.29858,0.001,-0.037,0.051
1680,-0.194020619,-0.2482,-0.036,-0.013,0.254
1681,-0.162336989,-0.33364,-0.063,0.007,-0.483
1682,-0.1182525,-0.05015,-0.073,0.016,2.463
1683,-0.091816151,-0.32275,-0.071,-0.038,3.093
1684,0.053613507,-0.16813,-0.063,-0.028,-2.583
1685,0.182983073,-0.25507,-0.046,0.064,-4.396
1686,0.289543355,-0.09692,-0.023,0.048,-0.327
1687,0.324484414,-0.14336,0,0.039,2.118
1688,0.274329089,-0.37174,0.016,0.047,1.752
1689,0.717379309,-0.5384,0.021,0.122,0.568
1690,0.698596645,0.13709,0.02,0.18,1.144
1691,0.596846597,-0.83845,0.017,0.191,1.865
1692,0.444893699,-0.27084,0.017,0.189,5.411
1693,0.264885013,-0.1319,0.014,0.187,0.97
1694,0.128582196,-0.58678,0.007,0.155,0.9
1695,-0.051966402,-0.4475,0.001,0.127,3.668
1696,-0.13358582,-0.15545,-0.001,0.183,-0.992
1697,-0.206936717,-0.53826,0.003,0.2,0.379
1698,-0.185748582,-0.48197,0.006,0.189,0.975
1699,-0.134937223,-0.34817,0.004,0.25,0.353
1700,-0.030817749,-0.76781,-0.001,0.266,2.559
1701,0.12381579,-0.52173,-0.001,0.341,1.089
1702,0.288962994,-0.42112,0.005,0.337,1.979
1703,0.437257454,-0.18214,0.011,0.334,1.467
1704,0.528644235,-0.61913,0.007,0.373,0.496
1705,0.602394114,-0.57019,-0.005,0.4,-1.658
1706,0.666270205,-0.01289,-0.011,0.405,1.014
1707,0.677265258,-0.72292,-0.003,0.421,-1.845
1708,0.689721773,0.16336,0.016,0.447,-0.463
1709,0.709910933,-0.41096,0.042,0.441,1.284
1710,0.751102346,0.11018,0.069,0.434,1.713
1711,0.787944942,-0.43429,0.092,0.409,1.148
1712,0.86086756,-0.08852,0.096,0.378,1.397
1713,0.616269676,-0.3408,0.071,0.386,0.515
1714,0.577518298,-0.39113,0.014,0.352,1.779
1715,0.700539775,-0.72933,-0.053,0.338,-2.085
1716,0.822941483,-0.70233,-0.1,0.313,0.111
1717,1.47347262,-0.97655,-0.108,0.233,-2.064
1718,1.422582573,-0.18646,-0.081,0.197,-0.124
1719,1.054066389,-0.48056,-0.035,0.18,2.677
1720,0.66570037,-0.07486,0.018,0.206,3.291
1721,0.373249338,0.15526,0.068,0.184,3.879
1722,0.344677161,0.25774,0.098,0.174,2.655
1723,0.341609865,0.48503,0.092,0.22,4.236
1724,0.321109302,-1.0728,0.048,0.253,-0.654
1725,0.295959984,-0.7164,-0.016,0.25,-2.128
1726,0.297835834,-0.57417,-0.067,0.224,1.521
1727,0.286100202,-0.15234,-0.091,0.278,0.656
1728,0.258622778,-0.31127,-0.092,0.256,-1.619
1729,0.213581776,-0.28274,-0.074,0.271,-1.294
1730,0.211660914,-0.4995,-0.035,0.321,-3.644
1731,0.187514576,-0.87865,0.001,0.334,-1.687
1732,0.198216102,-0.61908,0.025,0.326,1.796
1733,0.188068591,-0.65614,0.039,0.298,-0.788
1734,0.21184015,-0.32113,0.037,0.339,-0.374
1735,0.210956959,-0.29806,0.013,0.361,-0.521
1736,0.24164133,-0.40718,-0.025,0.302,-3.575
1737,0.27938999,-0.07111,-0.058,0.258,-1.346
1738,0.302368054,-0.1469,-0.069,0.241,-0.187
1739,0.312140244,-0.05618,-0.058,0.275,-0.92
1740,0.358487687,0.5681,-0.037,0.234,2.055
1741,0.38865708,0.20573,-0.017,0.258,1.888
1742,0.395853788,-0.50648,0,0.216,-0.738
1743,0.65805715,-0.51897,0.015,0.21,0.803
1744,1.422913766,-0.15389,0.022,0.188,3.493
1745,1.062032293,-0.43744,0.015,0.154,2.588
1746,0.437680569,-0.52948,-0.001,0.151,4.162
1747,-0.111456702,0.07556,-0.011,0.099,5.05
1748,-0.494670165,0.15581,-0.006,0.064,-0.109
1749,-0.696528622,-0.23784,0.007,0.033,1.551
1750,-0.851496478,-0.25292,0.014,-0.034,-1.451
1751,-0.942921391,-0.37803,0.011,-0.066,2.391
1752,-0.958587486,-0.55208,0.005,-0.098,-0.523
1753,-0.935867171,-0.49194,0.004,-0.119,1.859
1754,-0.849364127,-0.5208,0.007,-0.163,-0.542
1755,-0.733921832,-0.2656,0.012,-0.151,3.173
1756,-0.563568798,-0.3813,0.022,-0.165,0.61
1757,-0.443819479,-0.50655,0.042,-0.182,-1.386
1758,-0.154520347,0.10294,0.066,-0.153,2.092
1759,0.103357092,-0.08596,0.075,-0.176,2.089
1760,0.315060372,-0.49224,0.06,-0.157,1.04
1761,0.484853258,-0.35232,0.028,-0.156,2.226
1762,0.605052128,-0.17134,-0.006,-0.195,-0.188
1763,0.690917911,0.40126,-0.03,-0.132,-0.216
1764,0.368498867,0.14683,-0.039,-0.108,2.027
1765,0.51237351,-0.39508,-0.031,-0.047,1.373
1766,0.55515688,-0.05211,-0.007,0.01,-0.451
1767,0.546257062,-0.29968,0.028,0.061,-2.328
1768,0.405064514,-0.04904,0.061,0.066,-1.484
1769,0.149489546,-0.01669,0.073,0.066,3.218
1770,-0.167997116,0.72921,0.058,0.054,1.574
1771,-0.573278884,0.02593,0.02,0.019,1.656
1772,-0.305920703,-0.53133,-0.026,0.035,-2.051
1773,-0.468765886,-0.2362,-0.066,-0.046,-1.547
1774,-0.594181621,-0.54318,-0.088,-0.113,-0.837
1775,-0.650665019,-0.47602,-0.088,-0.119,-1.844
1776,-0.662223828,-0.48224,-0.065,-0.224,0.248
1777,-0.524307773,-0.49618,-0.027,-0.241,-0.173
1778,-0.343201851,-0.90135,0.013,-0.309,-1.025
1779,-0.053228714,-0.92167,0.037,-0.338,0.26
1780,0.222445972,-0.55255,0.041,-0.38,0.205
1781,0.496129537,-0.69581,0.048,-0.376,-1.126
1782,0.773230145,-0.61336,0.025,-0.355,0.556
1783,0.986654673,0.02112,-0.003,-0.339,4.196
1784,1.175952412,-0.67092,-0.026,-0.367,1.736
1785,1.121087108,-0.84197,-0.032,-0.405,0.261
1786,1.139722938,-0.76028,-0.018,-0.335,-1.085
1787,1.260486533,-0.22345,0.007,-0.279,1.503
1788,1.282176259,-0.55193,0.032,-0.183,4.653
1789,1.172912694,-0.39751,0.049,-0.043,0.496
1790,0.948008175,-0.38284,0.056,-0.039,-1.142
1791,0.708641848,0.22674,0.05,-0.002,2.148
1792,0.408677875,0.27117,0.027,-0.01,5.741
1793,0.154483242,0.21195,-0.005,0.025,4.074
1794,-0.110082784,0.28347,-0.037,0.017,2.254
1795,-0.261417497,0.41058,-0.057,-0.031,3.668
1796,-0.341855143,-0.32867,-0.057,-0.036,1.232
1797,-0.323780563,-0.79143,-0.039,-0.003,-1.805
1798,-0.200021208,-0.21634,-0.01,0.072,-1.534
1799,-0.009282739,-0.11432,0.021,0.11,-0.325
1800,0.226969177,-0.07647,0.047,0.117,0.9
1801,0.493068961,-0.35713,0.061,0.087,-4.279
1802,0.722394485,-0.22736,0.059,0.096,-3.157
1803,0.507274183,-0.29163,0.035,0.08,-1.341
1804,0.743958451,0.41296,-0.003,0.085,4.236
1805,0.86901372,0.03721,-0.039,0.076,-0.885
1806,0.922566448,-0.65277,-0.054,0.081,-1.207
1807,0.810986846,0.19898,-0.043,0.065,-0.51
1808,0.571018554,-0.23944,-0.01,0.115,0.347
1809,0.197504726,-0.5286,0.028,0.151,-1.146
1810,-0.11871879,-0.5249,0.057,0.165,-0.858
1811,-0.235096833,-0.30265,0.067,0.129,0.936
1812,-0.486719925,-0.57336,0.059,0.099,-0.019
1813,-0.716012486,0.10373,0.039,0.153,-0.175
1814,-0.964653255,-0.3562,0.015,0.222,2.327
1815,-1.158474071,-0.32032,-0.011,0.209,1.69
1816,-1.324835308,-0.6821,-0.033,0.227,-0.248
1817,-1.420886937,-0.60918,-0.046,0.191,3.523
1818,-1.467760545,-0.61115,-0.043,0.174,1.411
1819,-1.451335588,-1.21789,-0.028,0.163,-1.678
1820,-1.342708301,-0.07891,-0.008,0.18,-2.038
1821,-1.206943018,-0.51665,0.004,0.185,0.544
1822,-1.002017323,-0.49417,0.002,0.151,-0.111
1823,-0.753217291,-0.36449,-0.012,0.181,-0.19
1824,-0.908997274,-0.32659,-0.035,0.166,1.109
1825,-0.486557999,0.44213,-0.06,0.059,3.007
1826,0.217168928,-0.01913,-0.086,-0.078,-0.54
1827,0.966778743,0.23296,-0.103,-0.153,1.922
1828,1.593672317,-0.19577,-0.107,-0.173,3.169
1829,1.537750288,-0.09713,-0.092,-0.156,-0.443
1830,0.980372857,-0.55577,-0.062,-0.138,-0.421
1831,0.852979239,-0.02365,-0.019,-0.14,-0.625
1832,0.795067399,-0.38003,0.022,-0.216,-0.829
1833,0.710636027,0.49675,0.051,-0.202,4.065
1834,0.571098061,-0.41858,0.06,-0.217,2.35
1835,0.412921933,-0.19368,0.052,-0.208,-1.734
1836,0.167455664,-0.31191,0.034,-0.25,-0.026
1837,-0.054522975,-0.62119,0.014,-0.255,1.803
1838,0.311912084,-0.29142,0.01,-0.122,1.103
1839,0.21635873,-0.10279,0.015,0.014,0.736
1840,0.197122721,0.08072,0.026,0.032,-0.717
1841,0.153904017,-0.43479,0.038,0.041,-1.399
1842,0.125966291,-0.20811,0.051,0.03,-2.611
1843,0.132390833,0.18132,0.057,0.009,0.459
1844,0.153008969,0.19259,0.05,0.047,2.711
1845,0.177872263,-0.15473,0.029,0.089,2.661
1846,0.167069345,0.79041,0.001,0.035,2.871
1847,0.184186583,-0.18611,-0.021,0.036,-0.785
1848,0.196520755,-0.77695,-0.03,0.026,-2.364
1849,0.249203088,-0.26758,-0.026,0.05,-0.757
1850,0.273543595,-0.33886,-0.012,0.075,-0.503
1851,0.91974322,0.03218,0.005,0.062,-0.456
1852,1.38662915,0.0462,0.02,-0.006,-0.628
1853,1.00734362,-0.22686,0.028,-0.064,2.391
1854,0.645168272,-0.29476,0.026,-0.086,1.392
1855,0.317738778,-0.33045,0.014,-0.118,-2.398
1856,0.062988018,-0.20999,-0.006,-0.112,0.218
1857,-0.170006155,-0.46104,-0.029,-0.162,-0.878
1858,-0.34310385,-0.1243,-0.048,-0.168,0.505
1859,-0.401215092,-0.52732,-0.059,-0.153,-0.991
1860,-0.487978471,-0.79905,-0.055,-0.187,-0.907
1861,-0.564123154,-0.47259,-0.036,-0.191,-1.346
1862,-0.554713041,-0.3193,-0.005,-0.222,-2.995
1863,-0.565715289,-0.65656,0.026,-0.242,-0.629
1864,-0.530291515,-0.21435,0.048,-0.274,0.94
1865,-0.474734452,0.14782,0.055,-0.217,6.513
1866,-0.337697571,-0.48413,0.046,-0.188,1.819
1867,-0.106260044,-0.54981,0.023,-0.166,2.384
1868,0.090894991,0.10419,-0.007,-0.125,1.823
1869,0.264545987,-0.64374,-0.036,-0.149,3.118
1870,0.407737451,-0.59289,-0.052,-0.101,-0.079
1871,0.429151773,-0.18065,-0.049,-0.116,-0.956
1872,0.433174746,0.09814,-0.028,-0.038,-1.147
1873,0.411310378,-0.3491,0.003,-0.032,-0.022
1874,0.388009077,-0.80558,0.035,-0.033,-1.802
1875,0.373675426,-0.20919,0.062,0.032,-2.375
1876,0.394784703,-0.41979,0.075,0.095,-0.303
1877,0.460052216,0.03229,0.069,0.03,1.291
1878,0.562431951,-0.25037,0.042,-0.025,4.412
1879,0.707573153,-0.35774,0.005,0.002,-1.571
1880,0.856422022,0.31106,-0.024,-0.043,-2.514
1881,1.017574216,-0.08866,-0.034,-0.036,-0.416
1882,1.199502893,0.06325,-0.026,0.012,-0.605
1883,1.158798605,-0.40928,-0.006,-0.037,-1.896
1884,0.868972224,-0.21179,0.02,0.004,-2.762
1885,0.627021712,-0.27691,0.041,-0.027,-0.277
1886,0.364151522,-0.36101,0.048,-0.009,1.292
1887,0.21912422,-0.07035,0.039,0.03,-2.095
1888,0.240018879,0.48307,0.016,0.007,1.988
1889,0.28951812,-0.60701,-0.014,-0.047,5.872
1890,0.338213631,-0.54442,-0.044,0.038,-0.667
1891,0.352161306,0.04631,-0.066,0.045,0.602
1892,0.349513415,-0.35445,-0.075,0.066,-1.737
1893,0.365414965,-0.46987,-0.071,0.13,-3.544
1894,0.589081652,-0.11931,-0.054,0.126,-2.358
1895,0.88632292,-0.09556,-0.034,0.137,-0.177
1896,1.178309109,0.09003,-0.02,0.216,-0.234
1897,1.495901774,0.05561,-0.015,0.247,1.966
1898,1.247387678,-0.41744,-0.011,0.271,-0.051
1899,1.057962286,0.10582,0.007,0.296,-2.075
1900,0.980477648,0.01511,0.035,0.317,2.829
1901,0.939530176,0.07075,0.067,0.342,1.208
1902,0.985854179,-0.15695,0.089,0.353,1.09
1903,1.11942743,0.18175,0.098,0.36,4.058
1904,1.307033679,-0.01267,0.092,0.361,-0.33
1905,1.53238736,0.2035,0.072,0.363,6.113
1906,1.108680327,0.35077,0.037,0.37,4.319
1907,0.605790783,-0.2715,-0.002,0.377,0.908
1908,0.345285438,-0.09409,-0.032,0.342,1.234
1909,0.345285438,-0.13908,-0.04,0.3,0.475
1910,0.319034589,-0.43948,-0.027,0.284,-1.429
1911,0.296002471,-0.33532,0,0.256,-1.755
1912,0.277779352,-0.05942,0.025,0.292,3.668
1913,0.280487672,0.14837,0.036,0.286,2.642
1914,0.249216156,-0.0419,0.025,0.278,1.974
1915,0.255133264,-0.06606,-0.006,0.304,3.007
1916,0.274209771,-0.2921,-0.045,0.306,-0.357
1917,0.279986096,-0.42749,-0.075,0.325,0.907
1918,0.27018557,-0.23613,-0.082,0.331,-1.417
1919,0.293661478,0.1463,-0.071,0.285,5.459
1920,0.308292886,-0.16941,-0.053,0.308,2.211
1921,0.32649373,-0.29554,-0.036,0.35,0.105
1922,0.345285438,-0.489,-0.017,0.391,0.553
1923,0.349257016,-0.43135,0.003,0.375,-1.692
1924,0.849104666,-0.06823,0.019,0.327,0.525
1925,1.3359187,0.00369,0.026,0.233,-4.562
1926,1.356332446,0.12501,0.028,0.193,2.708
1927,1.08818969,0.16358,0.031,0.125,0.839
1928,0.874619315,0.01477,0.047,0.13,-0.782
1929,0.686780451,-0.35435,0.064,0.156,-1.27
1930,0.577943556,-0.23793,0.068,0.131,-0.018
1931,0.042013859,-0.36651,0.048,0.112,2.936
1932,0.039480897,-0.07246,0.016,0.139,-0.095
1933,0.120335389,0.15706,-0.015,0.134,2.175
1934,0.167643283,-0.338,-0.034,0.085,-1.546
1935,0.17386438,0.16931,-0.04,0.042,1.857
1936,0.151541442,0.19883,-0.031,0.009,0.317
1937,0.075379798,0.27351,-0.008,0.017,2.344
1938,0.37893993,0.09468,0.023,0.027,0.813
1939,0.260136854,0.22591,0.054,-0.015,-1.04
1940,0.036831086,0.71589,0.075,-0.01,0.469
1941,-0.169189754,0.80435,0.076,-0.11,3.71
1942,-0.410798327,0.2734,0.057,-0.208,-0.211
1943,-0.498309731,-0.41405,0.029,-0.235,-1.959
1944,-0.629843564,0.274,0.002,-0.316,0.334
1945,-0.73312203,0.11477,-0.015,-0.39,-1.758
1946,-0.829205403,-0.38324,-0.023,-0.451,1.317
1947,-0.896769896,0.24129,-0.022,-0.455,1.546
1948,-0.993561019,-0.15235,-0.02,-0.523,-0.398
1949,-1.055225584,-0.09815,-0.021,-0.571,2.195
1950,-1.162574711,-0.09658,-0.027,-0.567,1.037
1951,-1.225249393,-0.2028,-0.031,-0.609,-1.346
1952,-1.710778873,-0.12779,-0.035,-0.597,0.356
1953,-1.693008584,-0.69018,-0.041,-0.606,-1.735
1954,-1.644862087,-0.41551,-0.052,-0.554,-1.309
1955,-1.581975789,-0.65244,-0.061,-0.532,-2.083
1956,-1.522873362,0.02504,-0.06,-0.495,-1.546
1957,-1.471959505,0.30183,-0.048,-0.447,-1.015
1958,-1.443617096,-0.04486,-0.036,-0.371,2.871
1959,-0.94988768,0.02668,-0.033,-0.35,1.686
1960,-0.865955415,-0.38635,-0.036,-0.339,2.392
1961,-0.82002347,-0.25835,-0.033,-0.283,0.096
1962,-0.803173709,-0.54855,-0.021,-0.309,-0.523
1963,-0.764254447,-0.29324,-0.001,-0.271,-1.31
1964,-0.705231011,-0.42289,0.022,-0.208,1.141
1965,-0.675946125,-0.02514,0.042,-0.212,-1.215
1966,-0.625347896,0.11506,0.055,-0.163,0.511
1967,-0.612902275,0.08118,0.055,-0.216,-2.37
1968,-0.573891719,-0.1377,0.043,-0.218,0.39
1969,-0.480867526,0.06165,0.022,-0.232,3.409
1970,-0.4041076,-0.57591,-0.002,-0.201,1.363
1971,-0.324176197,-0.38234,-0.019,-0.23,-2.105
1972,-0.624790491,-0.31136,-0.028,-0.253,-0.488
1973,-0.391246331,-0.02607,-0.03,-0.244,6.355
1974,-0.042132383,-0.49603,-0.027,-0.229,-0.594
1975,0.299349237,-0.22804,-0.015,-0.112,1.215
1976,0.653874407,0.14932,0.002,-0.134,-2.724
1977,0.996727209,0.04657,0.014,-0.111,1.667
1978,1.330803612,-0.11777,0.014,-0.046,3.477
1979,1.608116762,0.28867,0.008,-0.035,4.474
1980,1.843499915,-0.04346,0.009,0.044,1.059
1981,2.026242107,-0.22478,0.02,0.099,1.267
1982,2.126284612,0.25109,0.036,0.133,1.299
1983,2.166532867,-0.50208,0.046,0.164,3.523
1984,2.027215193,-0.30988,0.045,0.196,1.149
1985,1.93353917,-0.29364,0.04,0.248,0.622
1986,1.79008182,0.21514,0.032,0.225,0.606
1987,1.639646708,0.50194,0.016,0.214,2.094
1988,1.537262063,-0.15288,-0.007,0.202,-0.065
1989,1.435466146,0.1481,-0.027,0.217,-1.558
1990,1.361263874,0.39242,-0.031,0.216,0.021
1991,1.330844768,0.37586,-0.019,0.203,-1.231
1992,1.315454273,0.37465,-0.003,0.194,2.582
1993,1.357751374,0.521,0.006,0.195,1.43
1994,1.35033459,0.64616,0.005,0.174,-0.151
1995,1.114303309,-0.01728,-0.003,0.174,2.294
1996,0.868240863,0.26322,-0.012,0.152,-0.227
1997,0.602977932,,-0.024,0.189,-1.089
1998,0.359812193,,-0.049,0.181,4.298
1999,0.142644498,,-0.075,0.198,-1.709
2000,-0.092794969,,-0.089,0.224,-3.395
2001,-0.272999663,,-0.087,0.221,-0.493
2002,-0.411461392,,-0.094,0.247,-1.324
2003,-0.509720071,,-0.083,0.253,1.888
2004,-0.518646567,,-0.062,0.275,0.35
2005,-0.494073913,,,,
2006,-0.458466943,,,,
2007,0.171863958,,,,
2008,0.304742272,,,,
2009,0.477739918,,,,
2010,0.646674332,,,,
2011,0.786763762,,,,
